,level,count,mean,std,min,25%,50%,75%,max,log-mean,log-std,log-min,log-25%,log-50%,log-75%,log-max
0,0,1043.0,1.085608437471886,1.3896637896658601,1.4953208890937375,1.0665173579787184,0.9261799785449509,0.8818989331455162,1.4575430500057809,0.8142278344677748,-0.9751817268017515,1.4505196556877513,0.7809819600465943,0.6501922623144734,0.6589122202513119,1.4401507732947152
1,1,5548.0,0.26039118642173753,-0.666697351781597,-0.4802739074310182,0.5913831261212878,0.3688687195032888,0.3171219360820496,-0.7252287245687355,0.5442961067857727,-0.7494956215386921,-0.39862892705580844,0.6379346495875932,0.4698238703635551,0.43378606864859365,-0.767500656783952
2,2,4663.0,-0.021926368792031352,0.0645502056065743,-0.4121499489301646,-0.5658060651435115,0.11652766162576333,0.23800446882100362,-0.5679855784831193,0.06839474613441239,0.8655740309490181,-0.22275346593566958,-0.010729320020611053,0.369856838938487,0.3972263844208139,-0.5715689767674922
3,3,7729.0,-1.3240732551015921,-0.7875166434908375,-0.6028970327325547,-1.0920944189564947,-1.411576359674003,-1.4370253380485694,-0.16432874695392619,-1.42691868738796,0.8591033173914258,-0.8291372626962733,-1.4081872896135763,-1.4898729716165156,-1.4899246733207194,-0.10108113974327107
